{
	"info": {
		"_postman_id": "d0c9cf1e-b009-49bf-b0cb-7e7714ef5891",
		"name": "TODO_VISH_GYANA",
		"schema": "https://schema.getpostman.com/json/collection/v2.1.0/collection.json"
	},
	"item": [
		{
			"name": "USER",
			"item": [
				{
					"name": "REGISTRATION",
					"request": {
						"method": "POST",
						"header": [],
						"body": {
							"mode": "raw",
							"raw": "{\n\t\"email\": \"noul12@gmail.com\",\n\t\"username\": \"noul\",\n\t\"password\": \"12345678\"\n}",
							"options": {
								"raw": {
									"language": "json"
								}
							}
						},
						"url": {
							"raw": "http://127.0.0.1:8000/user/register/",
							"protocol": "http",
							"host": [
								"127",
								"0",
								"0",
								"1"
							],
							"port": "8000",
							"path": [
								"user",
								"register",
								""
							]
						}
					},
					"response": [
						{
							"name": "Duplicate Email Response",
							"originalRequest": {
								"method": "POST",
								"header": [],
								"body": {
									"mode": "raw",
									"raw": "{\n\t\"email\": \"noul@gmail.com\",\n\t\"username\": \"noul\",\n\t\"password\": \"12345678\"\n}",
									"options": {
										"raw": {
											"language": "json"
										}
									}
								},
								"url": {
									"raw": "http://127.0.0.1:8000/user/register/",
									"protocol": "http",
									"host": [
										"127",
										"0",
										"0",
										"1"
									],
									"port": "8000",
									"path": [
										"user",
										"register",
										""
									]
								}
							},
							"status": "Bad Request",
							"code": 400,
							"_postman_previewlanguage": "json",
							"header": [
								{
									"key": "Date",
									"value": "Tue, 28 Apr 2020 22:05:53 GMT"
								},
								{
									"key": "Server",
									"value": "WSGIServer/0.2 CPython/3.7.5"
								},
								{
									"key": "Content-Type",
									"value": "application/json"
								},
								{
									"key": "Vary",
									"value": "Accept"
								},
								{
									"key": "Allow",
									"value": "POST, OPTIONS"
								},
								{
									"key": "X-Frame-Options",
									"value": "DENY"
								},
								{
									"key": "Content-Length",
									"value": "69"
								},
								{
									"key": "X-Content-Type-Options",
									"value": "nosniff"
								}
							],
							"cookie": [],
							"body": "{\n    \"success\": false,\n    \"errors\": {\n        \"email\": [\n            \"Email address already exists\"\n        ]\n    }\n}"
						},
						{
							"name": "Password Error Response",
							"originalRequest": {
								"method": "POST",
								"header": [],
								"body": {
									"mode": "raw",
									"raw": "{\n\t\"email\": \"noul1@gmail.com\",\n\t\"username\": \"noul\",\n\t\"password\": \"1234568\"\n}",
									"options": {
										"raw": {
											"language": "json"
										}
									}
								},
								"url": {
									"raw": "http://127.0.0.1:8000/user/register/",
									"protocol": "http",
									"host": [
										"127",
										"0",
										"0",
										"1"
									],
									"port": "8000",
									"path": [
										"user",
										"register",
										""
									]
								}
							},
							"status": "Bad Request",
							"code": 400,
							"_postman_previewlanguage": "json",
							"header": [
								{
									"key": "Date",
									"value": "Tue, 28 Apr 2020 22:07:07 GMT"
								},
								{
									"key": "Server",
									"value": "WSGIServer/0.2 CPython/3.7.5"
								},
								{
									"key": "Content-Type",
									"value": "application/json"
								},
								{
									"key": "Vary",
									"value": "Accept"
								},
								{
									"key": "Allow",
									"value": "POST, OPTIONS"
								},
								{
									"key": "X-Frame-Options",
									"value": "DENY"
								},
								{
									"key": "Content-Length",
									"value": "86"
								},
								{
									"key": "X-Content-Type-Options",
									"value": "nosniff"
								}
							],
							"cookie": [],
							"body": "{\n    \"success\": false,\n    \"errors\": {\n        \"password\": [\n            \"Password should be of minimum 8 characters\"\n        ]\n    }\n}"
						},
						{
							"name": "Success Response",
							"originalRequest": {
								"method": "POST",
								"header": [],
								"body": {
									"mode": "raw",
									"raw": "{\n\t\"email\": \"noul@gmail.com\",\n\t\"username\": \"noul\",\n\t\"password\": \"12345678\"\n}",
									"options": {
										"raw": {
											"language": "json"
										}
									}
								},
								"url": {
									"raw": "http://127.0.0.1:8000/user/register/",
									"protocol": "http",
									"host": [
										"127",
										"0",
										"0",
										"1"
									],
									"port": "8000",
									"path": [
										"user",
										"register",
										""
									]
								}
							},
							"status": "Created",
							"code": 201,
							"_postman_previewlanguage": "json",
							"header": [
								{
									"key": "Date",
									"value": "Tue, 28 Apr 2020 22:05:19 GMT"
								},
								{
									"key": "Server",
									"value": "WSGIServer/0.2 CPython/3.7.5"
								},
								{
									"key": "Content-Type",
									"value": "application/json"
								},
								{
									"key": "Vary",
									"value": "Accept"
								},
								{
									"key": "Allow",
									"value": "POST, OPTIONS"
								},
								{
									"key": "X-Frame-Options",
									"value": "DENY"
								},
								{
									"key": "Content-Length",
									"value": "57"
								},
								{
									"key": "X-Content-Type-Options",
									"value": "nosniff"
								}
							],
							"cookie": [],
							"body": "{\n    \"success\": true,\n    \"message\": \"User successfully registered\"\n}"
						},
						{
							"name": "Invalid Email Response",
							"originalRequest": {
								"method": "POST",
								"header": [],
								"body": {
									"mode": "raw",
									"raw": "{\n\t\"email\": \"noulgmail.com\",\n\t\"username\": \"noul\",\n\t\"password\": \"12345678\"\n}",
									"options": {
										"raw": {
											"language": "json"
										}
									}
								},
								"url": {
									"raw": "http://127.0.0.1:8000/user/register/",
									"protocol": "http",
									"host": [
										"127",
										"0",
										"0",
										"1"
									],
									"port": "8000",
									"path": [
										"user",
										"register",
										""
									]
								}
							},
							"status": "Bad Request",
							"code": 400,
							"_postman_previewlanguage": "json",
							"header": [
								{
									"key": "Date",
									"value": "Tue, 28 Apr 2020 22:06:25 GMT"
								},
								{
									"key": "Server",
									"value": "WSGIServer/0.2 CPython/3.7.5"
								},
								{
									"key": "Content-Type",
									"value": "application/json"
								},
								{
									"key": "Vary",
									"value": "Accept"
								},
								{
									"key": "Allow",
									"value": "POST, OPTIONS"
								},
								{
									"key": "X-Frame-Options",
									"value": "DENY"
								},
								{
									"key": "Content-Length",
									"value": "69"
								},
								{
									"key": "X-Content-Type-Options",
									"value": "nosniff"
								}
							],
							"cookie": [],
							"body": "{\n    \"success\": false,\n    \"errors\": {\n        \"email\": [\n            \"Enter a valid email address.\"\n        ]\n    }\n}"
						},
						{
							"name": "Duplicate Username Response",
							"originalRequest": {
								"method": "POST",
								"header": [],
								"body": {
									"mode": "raw",
									"raw": "{\n\t\"email\": \"noul12@gmail.com\",\n\t\"username\": \"noul\",\n\t\"password\": \"12345678\"\n}",
									"options": {
										"raw": {
											"language": "json"
										}
									}
								},
								"url": {
									"raw": "http://127.0.0.1:8000/user/register/",
									"protocol": "http",
									"host": [
										"127",
										"0",
										"0",
										"1"
									],
									"port": "8000",
									"path": [
										"user",
										"register",
										""
									]
								}
							},
							"status": "Bad Request",
							"code": 400,
							"_postman_previewlanguage": "json",
							"header": [
								{
									"key": "Date",
									"value": "Tue, 28 Apr 2020 22:15:26 GMT"
								},
								{
									"key": "Server",
									"value": "WSGIServer/0.2 CPython/3.7.5"
								},
								{
									"key": "Content-Type",
									"value": "application/json"
								},
								{
									"key": "Vary",
									"value": "Accept"
								},
								{
									"key": "Allow",
									"value": "POST, OPTIONS"
								},
								{
									"key": "X-Frame-Options",
									"value": "DENY"
								},
								{
									"key": "Content-Length",
									"value": "67"
								},
								{
									"key": "X-Content-Type-Options",
									"value": "nosniff"
								}
							],
							"cookie": [],
							"body": "{\n    \"success\": false,\n    \"errors\": {\n        \"username\": [\n            \"Username already exists\"\n        ]\n    }\n}"
						}
					]
				},
				{
					"name": "LOGIN",
					"request": {
						"method": "POST",
						"header": [],
						"body": {
							"mode": "raw",
							"raw": "{\n\t\"email\": \"noul@gmail.com\",\n\t\"password\": \"12345678\"\n}",
							"options": {
								"raw": {
									"language": "json"
								}
							}
						},
						"url": {
							"raw": "http://127.0.0.1:8000/user/login/",
							"protocol": "http",
							"host": [
								"127",
								"0",
								"0",
								"1"
							],
							"port": "8000",
							"path": [
								"user",
								"login",
								""
							]
						}
					},
					"response": [
						{
							"name": "Email not Found Response",
							"originalRequest": {
								"method": "POST",
								"header": [],
								"body": {
									"mode": "raw",
									"raw": "{\n\t\"email\": \"nou@gmail.com\",\n\t\"password\": \"12345678\"\n}",
									"options": {
										"raw": {
											"language": "json"
										}
									}
								},
								"url": {
									"raw": "http://127.0.0.1:8000/user/login/",
									"protocol": "http",
									"host": [
										"127",
										"0",
										"0",
										"1"
									],
									"port": "8000",
									"path": [
										"user",
										"login",
										""
									]
								}
							},
							"status": "Not Found",
							"code": 404,
							"_postman_previewlanguage": "json",
							"header": [
								{
									"key": "Date",
									"value": "Tue, 28 Apr 2020 22:09:05 GMT"
								},
								{
									"key": "Server",
									"value": "WSGIServer/0.2 CPython/3.7.5"
								},
								{
									"key": "Content-Type",
									"value": "application/json"
								},
								{
									"key": "Vary",
									"value": "Accept"
								},
								{
									"key": "Allow",
									"value": "POST, OPTIONS"
								},
								{
									"key": "X-Frame-Options",
									"value": "DENY"
								},
								{
									"key": "Content-Length",
									"value": "62"
								},
								{
									"key": "X-Content-Type-Options",
									"value": "nosniff"
								}
							],
							"cookie": [],
							"body": "{\n    \"success\": false,\n    \"status_code\": 404,\n    \"errors\": \"email not found\"\n}"
						},
						{
							"name": "Sucecss Response",
							"originalRequest": {
								"method": "POST",
								"header": [],
								"body": {
									"mode": "raw",
									"raw": "{\n\t\"email\": \"noul@gmail.com\",\n\t\"password\": \"12345678\"\n}",
									"options": {
										"raw": {
											"language": "json"
										}
									}
								},
								"url": {
									"raw": "http://127.0.0.1:8000/user/login/",
									"protocol": "http",
									"host": [
										"127",
										"0",
										"0",
										"1"
									],
									"port": "8000",
									"path": [
										"user",
										"login",
										""
									]
								}
							},
							"status": "OK",
							"code": 200,
							"_postman_previewlanguage": "json",
							"header": [
								{
									"key": "Date",
									"value": "Tue, 28 Apr 2020 22:08:44 GMT"
								},
								{
									"key": "Server",
									"value": "WSGIServer/0.2 CPython/3.7.5"
								},
								{
									"key": "Content-Type",
									"value": "application/json"
								},
								{
									"key": "Vary",
									"value": "Accept"
								},
								{
									"key": "Allow",
									"value": "POST, OPTIONS"
								},
								{
									"key": "X-Frame-Options",
									"value": "DENY"
								},
								{
									"key": "Content-Length",
									"value": "101"
								},
								{
									"key": "X-Content-Type-Options",
									"value": "nosniff"
								}
							],
							"cookie": [],
							"body": "{\n    \"success\": true,\n    \"message\": \"User login successful\",\n    \"token\": \"1fb5808921884fffc188285a7c392babbb85fd2d\"\n}"
						},
						{
							"name": "Invalid Password Response",
							"originalRequest": {
								"method": "POST",
								"header": [],
								"body": {
									"mode": "raw",
									"raw": "{\n\t\"email\": \"noul@gmail.com\",\n\t\"password\": \"1234567\"\n}",
									"options": {
										"raw": {
											"language": "json"
										}
									}
								},
								"url": {
									"raw": "http://127.0.0.1:8000/user/login/",
									"protocol": "http",
									"host": [
										"127",
										"0",
										"0",
										"1"
									],
									"port": "8000",
									"path": [
										"user",
										"login",
										""
									]
								}
							},
							"status": "Bad Request",
							"code": 400,
							"_postman_previewlanguage": "json",
							"header": [
								{
									"key": "Date",
									"value": "Tue, 28 Apr 2020 22:09:45 GMT"
								},
								{
									"key": "Server",
									"value": "WSGIServer/0.2 CPython/3.7.5"
								},
								{
									"key": "Content-Type",
									"value": "application/json"
								},
								{
									"key": "Vary",
									"value": "Accept"
								},
								{
									"key": "Allow",
									"value": "POST, OPTIONS"
								},
								{
									"key": "X-Frame-Options",
									"value": "DENY"
								},
								{
									"key": "Content-Length",
									"value": "45"
								},
								{
									"key": "X-Content-Type-Options",
									"value": "nosniff"
								}
							],
							"cookie": [],
							"body": "{\n    \"success\": false,\n    \"errors\": \"Invalid password\"\n}"
						}
					]
				}
			],
			"protocolProfileBehavior": {}
		},
		{
			"name": "TASK",
			"item": [
				{
					"name": "CREATE",
					"request": {
						"method": "POST",
						"header": [
							{
								"key": "Authorization",
								"value": "Token 1fb5808921884fffc188285a7c392babbb85fd2d",
								"type": "text"
							}
						],
						"body": {
							"mode": "raw",
							"raw": "{\n\t\"title\": \"\",\n\t\"status\": \"TODO\"\n}",
							"options": {
								"raw": {
									"language": "json"
								}
							}
						},
						"url": {
							"raw": "http://127.0.0.1:8000/task/create/",
							"protocol": "http",
							"host": [
								"127",
								"0",
								"0",
								"1"
							],
							"port": "8000",
							"path": [
								"task",
								"create",
								""
							]
						},
						"description": "API to create the Tasks by signed in user.\n\nNote: Please add the 'user token' as the 'Autherization Header' "
					},
					"response": [
						{
							"name": "Success Response",
							"originalRequest": {
								"method": "POST",
								"header": [
									{
										"key": "Authorization",
										"value": "Token 1fb5808921884fffc188285a7c392babbb85fd2d",
										"type": "text"
									}
								],
								"body": {
									"mode": "raw",
									"raw": "{\n\t\"title\": \"Title2\",\n\t\"status\": \"TODO\"\n}",
									"options": {
										"raw": {
											"language": "json"
										}
									}
								},
								"url": {
									"raw": "http://127.0.0.1:8000/task/create/",
									"protocol": "http",
									"host": [
										"127",
										"0",
										"0",
										"1"
									],
									"port": "8000",
									"path": [
										"task",
										"create",
										""
									]
								}
							},
							"status": "Created",
							"code": 201,
							"_postman_previewlanguage": "json",
							"header": [
								{
									"key": "Date",
									"value": "Wed, 29 Apr 2020 14:39:07 GMT"
								},
								{
									"key": "Server",
									"value": "WSGIServer/0.2 CPython/3.7.5"
								},
								{
									"key": "Content-Type",
									"value": "application/json"
								},
								{
									"key": "Vary",
									"value": "Accept"
								},
								{
									"key": "Allow",
									"value": "POST, OPTIONS"
								},
								{
									"key": "X-Frame-Options",
									"value": "DENY"
								},
								{
									"key": "Content-Length",
									"value": "173"
								},
								{
									"key": "X-Content-Type-Options",
									"value": "nosniff"
								}
							],
							"cookie": [],
							"body": "{\n    \"success\": true,\n    \"message\": \"Task successfully created\",\n    \"data\": {\n        \"id\": 16,\n        \"title\": \"Title2\",\n        \"status\": \"TODO\",\n        \"created_at\": \"29-04-2020 14:39\",\n        \"updated_at\": null,\n        \"is_deleted\": false\n    }\n}"
						},
						{
							"name": "Error Response: Invalid Token",
							"originalRequest": {
								"method": "POST",
								"header": [
									{
										"key": "Authorization",
										"value": "Token 1fb5808921884fffc188285a7c392babbb85fd2",
										"type": "text"
									}
								],
								"body": {
									"mode": "raw",
									"raw": "{\n\t\"title\": \"Title2\",\n\t\"status\": \"TODO\"\n}",
									"options": {
										"raw": {
											"language": "json"
										}
									}
								},
								"url": {
									"raw": "http://127.0.0.1:8000/task/create/",
									"protocol": "http",
									"host": [
										"127",
										"0",
										"0",
										"1"
									],
									"port": "8000",
									"path": [
										"task",
										"create",
										""
									]
								}
							},
							"status": "Unauthorized",
							"code": 401,
							"_postman_previewlanguage": "json",
							"header": [
								{
									"key": "Date",
									"value": "Wed, 29 Apr 2020 14:39:36 GMT"
								},
								{
									"key": "Server",
									"value": "WSGIServer/0.2 CPython/3.7.5"
								},
								{
									"key": "Content-Type",
									"value": "application/json"
								},
								{
									"key": "WWW-Authenticate",
									"value": "Token"
								},
								{
									"key": "Vary",
									"value": "Accept"
								},
								{
									"key": "Allow",
									"value": "POST, OPTIONS"
								},
								{
									"key": "X-Frame-Options",
									"value": "DENY"
								},
								{
									"key": "Content-Length",
									"value": "27"
								},
								{
									"key": "X-Content-Type-Options",
									"value": "nosniff"
								}
							],
							"cookie": [],
							"body": "{\n    \"detail\": \"Invalid token.\"\n}"
						},
						{
							"name": "Error Response: Invalid Status",
							"originalRequest": {
								"method": "POST",
								"header": [
									{
										"key": "Authorization",
										"value": "Token 1fb5808921884fffc188285a7c392babbb85fd2d",
										"type": "text"
									}
								],
								"body": {
									"mode": "raw",
									"raw": "{\n\t\"title\": \"Title2\",\n\t\"status\": \"TOD\"\n}",
									"options": {
										"raw": {
											"language": "json"
										}
									}
								},
								"url": {
									"raw": "http://127.0.0.1:8000/task/create/",
									"protocol": "http",
									"host": [
										"127",
										"0",
										"0",
										"1"
									],
									"port": "8000",
									"path": [
										"task",
										"create",
										""
									]
								}
							},
							"status": "Bad Request",
							"code": 400,
							"_postman_previewlanguage": "json",
							"header": [
								{
									"key": "Date",
									"value": "Wed, 29 Apr 2020 14:40:13 GMT"
								},
								{
									"key": "Server",
									"value": "WSGIServer/0.2 CPython/3.7.5"
								},
								{
									"key": "Content-Type",
									"value": "application/json"
								},
								{
									"key": "Vary",
									"value": "Accept"
								},
								{
									"key": "Allow",
									"value": "POST, OPTIONS"
								},
								{
									"key": "X-Frame-Options",
									"value": "DENY"
								},
								{
									"key": "Content-Length",
									"value": "140"
								},
								{
									"key": "X-Content-Type-Options",
									"value": "nosniff"
								}
							],
							"cookie": [],
							"body": "{\n    \"success\": false,\n    \"error\": \"Failed to create new task\",\n    \"message\": {\n        \"status\": [\n            \"Invalid status(Status must be in [\\\"TODO\\\", \\\"WIP, \\\"DONE\\\"])\"\n        ]\n    }\n}"
						},
						{
							"name": "Error Response: Blank title",
							"originalRequest": {
								"method": "POST",
								"header": [
									{
										"key": "Authorization",
										"value": "Token 1fb5808921884fffc188285a7c392babbb85fd2d",
										"type": "text"
									}
								],
								"body": {
									"mode": "raw",
									"raw": "{\n\t\"title\": \"\",\n\t\"status\": \"TODO\"\n}",
									"options": {
										"raw": {
											"language": "json"
										}
									}
								},
								"url": {
									"raw": "http://127.0.0.1:8000/task/create/",
									"protocol": "http",
									"host": [
										"127",
										"0",
										"0",
										"1"
									],
									"port": "8000",
									"path": [
										"task",
										"create",
										""
									]
								}
							},
							"status": "Bad Request",
							"code": 400,
							"_postman_previewlanguage": "json",
							"header": [
								{
									"key": "Date",
									"value": "Wed, 29 Apr 2020 14:41:56 GMT"
								},
								{
									"key": "Server",
									"value": "WSGIServer/0.2 CPython/3.7.5"
								},
								{
									"key": "Content-Type",
									"value": "application/json"
								},
								{
									"key": "Vary",
									"value": "Accept"
								},
								{
									"key": "Allow",
									"value": "POST, OPTIONS"
								},
								{
									"key": "X-Frame-Options",
									"value": "DENY"
								},
								{
									"key": "Content-Length",
									"value": "106"
								},
								{
									"key": "X-Content-Type-Options",
									"value": "nosniff"
								}
							],
							"cookie": [],
							"body": "{\n    \"success\": false,\n    \"error\": \"Failed to create new task\",\n    \"message\": {\n        \"title\": [\n            \"This field may not be blank.\"\n        ]\n    }\n}"
						}
					]
				},
				{
					"name": "VIEW",
					"request": {
						"method": "GET",
						"header": [
							{
								"key": "Authorization",
								"value": "Token 1fb5808921884fffc188285a7c392babbb85fd2",
								"type": "text"
							}
						],
						"url": {
							"raw": "http://127.0.0.1:8000/task/view/13/",
							"protocol": "http",
							"host": [
								"127",
								"0",
								"0",
								"1"
							],
							"port": "8000",
							"path": [
								"task",
								"view",
								"13",
								""
							]
						},
						"description": "API to view the task deatils by the user.\n\nNote: Please add the 'user token' as the 'Autherization Header' "
					},
					"response": [
						{
							"name": "Error Response: Invalid taks id",
							"originalRequest": {
								"method": "GET",
								"header": [
									{
										"key": "Authorization",
										"value": "Token 1fb5808921884fffc188285a7c392babbb85fd2d",
										"type": "text"
									}
								],
								"url": {
									"raw": "http://127.0.0.1:8000/task/view/3/",
									"protocol": "http",
									"host": [
										"127",
										"0",
										"0",
										"1"
									],
									"port": "8000",
									"path": [
										"task",
										"view",
										"3",
										""
									]
								}
							},
							"status": "Not Found",
							"code": 404,
							"_postman_previewlanguage": "json",
							"header": [
								{
									"key": "Date",
									"value": "Wed, 29 Apr 2020 14:44:24 GMT"
								},
								{
									"key": "Server",
									"value": "WSGIServer/0.2 CPython/3.7.5"
								},
								{
									"key": "Content-Type",
									"value": "application/json"
								},
								{
									"key": "Vary",
									"value": "Accept"
								},
								{
									"key": "Allow",
									"value": "GET, HEAD, OPTIONS"
								},
								{
									"key": "X-Frame-Options",
									"value": "DENY"
								},
								{
									"key": "Content-Length",
									"value": "43"
								},
								{
									"key": "X-Content-Type-Options",
									"value": "nosniff"
								}
							],
							"cookie": [],
							"body": "{\n    \"success\": false,\n    \"error\": \"Invalid Task id\"\n}"
						},
						{
							"name": "Error Response: Invalid Token",
							"originalRequest": {
								"method": "GET",
								"header": [
									{
										"key": "Authorization",
										"value": "Token 1fb5808921884fffc188285a7c392babbb85fd2",
										"type": "text"
									}
								],
								"url": {
									"raw": "http://127.0.0.1:8000/task/view/13/",
									"protocol": "http",
									"host": [
										"127",
										"0",
										"0",
										"1"
									],
									"port": "8000",
									"path": [
										"task",
										"view",
										"13",
										""
									]
								}
							},
							"status": "Unauthorized",
							"code": 401,
							"_postman_previewlanguage": "json",
							"header": [
								{
									"key": "Date",
									"value": "Wed, 29 Apr 2020 14:55:08 GMT"
								},
								{
									"key": "Server",
									"value": "WSGIServer/0.2 CPython/3.7.5"
								},
								{
									"key": "Content-Type",
									"value": "application/json"
								},
								{
									"key": "WWW-Authenticate",
									"value": "Token"
								},
								{
									"key": "Vary",
									"value": "Accept"
								},
								{
									"key": "Allow",
									"value": "GET, HEAD, OPTIONS"
								},
								{
									"key": "X-Frame-Options",
									"value": "DENY"
								},
								{
									"key": "Content-Length",
									"value": "27"
								},
								{
									"key": "X-Content-Type-Options",
									"value": "nosniff"
								}
							],
							"cookie": [],
							"body": "{\n    \"detail\": \"Invalid token.\"\n}"
						},
						{
							"name": "Success Response",
							"originalRequest": {
								"method": "GET",
								"header": [
									{
										"key": "Authorization",
										"value": "Token 1fb5808921884fffc188285a7c392babbb85fd2d",
										"type": "text"
									}
								],
								"url": {
									"raw": "http://127.0.0.1:8000/task/view/13/",
									"protocol": "http",
									"host": [
										"127",
										"0",
										"0",
										"1"
									],
									"port": "8000",
									"path": [
										"task",
										"view",
										"13",
										""
									]
								}
							},
							"status": "OK",
							"code": 200,
							"_postman_previewlanguage": "json",
							"header": [
								{
									"key": "Date",
									"value": "Wed, 29 Apr 2020 14:54:20 GMT"
								},
								{
									"key": "Server",
									"value": "WSGIServer/0.2 CPython/3.7.5"
								},
								{
									"key": "Content-Type",
									"value": "application/json"
								},
								{
									"key": "Vary",
									"value": "Accept"
								},
								{
									"key": "Allow",
									"value": "GET, HEAD, OPTIONS"
								},
								{
									"key": "X-Frame-Options",
									"value": "DENY"
								},
								{
									"key": "Content-Length",
									"value": "181"
								},
								{
									"key": "X-Content-Type-Options",
									"value": "nosniff"
								}
							],
							"cookie": [],
							"body": "{\n    \"success\": true,\n    \"message\": \"Task details successfully fetched\",\n    \"data\": {\n        \"id\": 13,\n        \"title\": \"Title2\",\n        \"status\": \"TODO\",\n        \"created_at\": \"29-04-2020 12:58\",\n        \"updated_at\": null,\n        \"is_deleted\": false\n    }\n}"
						}
					]
				},
				{
					"name": "TASK LIST",
					"request": {
						"method": "GET",
						"header": [
							{
								"key": "Authorization",
								"value": "Token 1fb5808921884fffc188285a7c392babbb85fd2",
								"type": "text"
							}
						],
						"url": {
							"raw": "http://127.0.0.1:8000/task/list/",
							"protocol": "http",
							"host": [
								"127",
								"0",
								"0",
								"1"
							],
							"port": "8000",
							"path": [
								"task",
								"list",
								""
							]
						},
						"description": "API get the list of all tasks added by the user.\n\nNote: Please add the 'user token' as the 'Autherization Header' "
					},
					"response": [
						{
							"name": "Error Response: Invalid Token",
							"originalRequest": {
								"method": "GET",
								"header": [
									{
										"key": "Authorization",
										"value": "Token 1fb5808921884fffc188285a7c392babbb85fd2",
										"type": "text"
									}
								],
								"url": {
									"raw": "http://127.0.0.1:8000/task/list/",
									"protocol": "http",
									"host": [
										"127",
										"0",
										"0",
										"1"
									],
									"port": "8000",
									"path": [
										"task",
										"list",
										""
									]
								}
							},
							"status": "Unauthorized",
							"code": 401,
							"_postman_previewlanguage": "json",
							"header": [
								{
									"key": "Date",
									"value": "Wed, 29 Apr 2020 14:58:53 GMT"
								},
								{
									"key": "Server",
									"value": "WSGIServer/0.2 CPython/3.7.5"
								},
								{
									"key": "Content-Type",
									"value": "application/json"
								},
								{
									"key": "WWW-Authenticate",
									"value": "Token"
								},
								{
									"key": "Vary",
									"value": "Accept"
								},
								{
									"key": "Allow",
									"value": "GET, HEAD, OPTIONS"
								},
								{
									"key": "X-Frame-Options",
									"value": "DENY"
								},
								{
									"key": "Content-Length",
									"value": "27"
								},
								{
									"key": "X-Content-Type-Options",
									"value": "nosniff"
								}
							],
							"cookie": [],
							"body": "{\n    \"detail\": \"Invalid token.\"\n}"
						},
						{
							"name": "Success Response",
							"originalRequest": {
								"method": "GET",
								"header": [
									{
										"key": "Authorization",
										"value": "Token 1fb5808921884fffc188285a7c392babbb85fd2d",
										"type": "text"
									}
								],
								"url": {
									"raw": "http://127.0.0.1:8000/task/list/",
									"protocol": "http",
									"host": [
										"127",
										"0",
										"0",
										"1"
									],
									"port": "8000",
									"path": [
										"task",
										"list",
										""
									]
								}
							},
							"status": "OK",
							"code": 200,
							"_postman_previewlanguage": "json",
							"header": [
								{
									"key": "Date",
									"value": "Wed, 29 Apr 2020 14:58:15 GMT"
								},
								{
									"key": "Server",
									"value": "WSGIServer/0.2 CPython/3.7.5"
								},
								{
									"key": "Content-Type",
									"value": "application/json"
								},
								{
									"key": "Vary",
									"value": "Accept"
								},
								{
									"key": "Allow",
									"value": "GET, HEAD, OPTIONS"
								},
								{
									"key": "X-Frame-Options",
									"value": "DENY"
								},
								{
									"key": "Content-Length",
									"value": "516"
								},
								{
									"key": "X-Content-Type-Options",
									"value": "nosniff"
								}
							],
							"cookie": [],
							"body": "{\n    \"success\": true,\n    \"message\": \"Task list successfully fetched\",\n    \"data\": [\n        {\n            \"id\": 13,\n            \"title\": \"Title2\",\n            \"status\": \"TODO\",\n            \"created_at\": \"29-04-2020 12:58\",\n            \"updated_at\": null,\n            \"is_deleted\": false\n        },\n        {\n            \"id\": 14,\n            \"title\": \"Title2\",\n            \"status\": \"TOdo\",\n            \"created_at\": \"29-04-2020 13:00\",\n            \"updated_at\": null,\n            \"is_deleted\": false\n        },\n        {\n            \"id\": 15,\n            \"title\": \"Title2\",\n            \"status\": \"TODO\",\n            \"created_at\": \"29-04-2020 13:00\",\n            \"updated_at\": null,\n            \"is_deleted\": false\n        },\n        {\n            \"id\": 16,\n            \"title\": \"Title2\",\n            \"status\": \"TODO\",\n            \"created_at\": \"29-04-2020 14:39\",\n            \"updated_at\": null,\n            \"is_deleted\": false\n        }\n    ]\n}"
						}
					]
				},
				{
					"name": "UPDATE",
					"request": {
						"method": "PATCH",
						"header": [
							{
								"key": "Authorization",
								"value": "Token 1fb5808921884fffc188285a7c392babbb85fd2d",
								"type": "text"
							}
						],
						"body": {
							"mode": "raw",
							"raw": "{\n\t\"title\": \"Updated Title\",\n\t\"status\": \"TODO\"\n}",
							"options": {
								"raw": {
									"language": "json"
								}
							}
						},
						"url": {
							"raw": "http://127.0.0.1:8000/task/update/13/",
							"protocol": "http",
							"host": [
								"127",
								"0",
								"0",
								"1"
							],
							"port": "8000",
							"path": [
								"task",
								"update",
								"13",
								""
							]
						},
						"description": "API to update a particular task by the user.\n\nNote: Please add the 'user token' as the 'Autherization Header'"
					},
					"response": [
						{
							"name": "Error Response: Unauthorized access to edit a task",
							"originalRequest": {
								"method": "PATCH",
								"header": [
									{
										"key": "Authorization",
										"value": "Token d05d2b6b0c65e65790c5a616e84cb7c974049323",
										"type": "text"
									}
								],
								"body": {
									"mode": "raw",
									"raw": "{\n\t\"title\": \"Updated Title\",\n\t\"status\": 2\n}",
									"options": {
										"raw": {
											"language": "json"
										}
									}
								},
								"url": {
									"raw": "http://127.0.0.1:8000/task/update/13/",
									"protocol": "http",
									"host": [
										"127",
										"0",
										"0",
										"1"
									],
									"port": "8000",
									"path": [
										"task",
										"update",
										"13",
										""
									]
								}
							},
							"status": "Unauthorized",
							"code": 401,
							"_postman_previewlanguage": "json",
							"header": [
								{
									"key": "Date",
									"value": "Wed, 29 Apr 2020 15:12:51 GMT"
								},
								{
									"key": "Server",
									"value": "WSGIServer/0.2 CPython/3.7.5"
								},
								{
									"key": "Content-Type",
									"value": "application/json"
								},
								{
									"key": "Vary",
									"value": "Accept"
								},
								{
									"key": "Allow",
									"value": "PATCH, OPTIONS"
								},
								{
									"key": "X-Frame-Options",
									"value": "DENY"
								},
								{
									"key": "Content-Length",
									"value": "71"
								},
								{
									"key": "X-Content-Type-Options",
									"value": "nosniff"
								}
							],
							"cookie": [],
							"body": "{\n    \"success\": false,\n    \"error\": \"Task: 13 does not belong to noul1@gmail.com\"\n}"
						},
						{
							"name": "Error Response: Invalid task id",
							"originalRequest": {
								"method": "PATCH",
								"header": [
									{
										"key": "Authorization",
										"value": "Token 1fb5808921884fffc188285a7c392babbb85fd2d",
										"type": "text"
									}
								],
								"body": {
									"mode": "raw",
									"raw": "{\n\t\"title\": \"Updated Title\",\n\t\"status\": 2\n}",
									"options": {
										"raw": {
											"language": "json"
										}
									}
								},
								"url": {
									"raw": "http://127.0.0.1:8000/task/update/3/",
									"protocol": "http",
									"host": [
										"127",
										"0",
										"0",
										"1"
									],
									"port": "8000",
									"path": [
										"task",
										"update",
										"3",
										""
									]
								}
							},
							"status": "Not Found",
							"code": 404,
							"_postman_previewlanguage": "json",
							"header": [
								{
									"key": "Date",
									"value": "Wed, 29 Apr 2020 14:59:23 GMT"
								},
								{
									"key": "Server",
									"value": "WSGIServer/0.2 CPython/3.7.5"
								},
								{
									"key": "Content-Type",
									"value": "application/json"
								},
								{
									"key": "Vary",
									"value": "Accept"
								},
								{
									"key": "Allow",
									"value": "PATCH, OPTIONS"
								},
								{
									"key": "X-Frame-Options",
									"value": "DENY"
								},
								{
									"key": "Content-Length",
									"value": "52"
								},
								{
									"key": "X-Content-Type-Options",
									"value": "nosniff"
								}
							],
							"cookie": [],
							"body": "{\n    \"success\": false,\n    \"error\": \"No task found with id: 3\"\n}"
						},
						{
							"name": "Error Response: Invalid Status",
							"originalRequest": {
								"method": "PATCH",
								"header": [
									{
										"key": "Authorization",
										"value": "Token 1fb5808921884fffc188285a7c392babbb85fd2d",
										"type": "text"
									}
								],
								"body": {
									"mode": "raw",
									"raw": "{\n\t\"title\": \"Updated Title\",\n\t\"status\": 2\n}",
									"options": {
										"raw": {
											"language": "json"
										}
									}
								},
								"url": {
									"raw": "http://127.0.0.1:8000/task/update/13/",
									"protocol": "http",
									"host": [
										"127",
										"0",
										"0",
										"1"
									],
									"port": "8000",
									"path": [
										"task",
										"update",
										"13",
										""
									]
								}
							},
							"status": "Bad Request",
							"code": 400,
							"_postman_previewlanguage": "json",
							"header": [
								{
									"key": "Date",
									"value": "Wed, 29 Apr 2020 15:11:01 GMT"
								},
								{
									"key": "Server",
									"value": "WSGIServer/0.2 CPython/3.7.5"
								},
								{
									"key": "Content-Type",
									"value": "application/json"
								},
								{
									"key": "Vary",
									"value": "Accept"
								},
								{
									"key": "Allow",
									"value": "PATCH, OPTIONS"
								},
								{
									"key": "X-Frame-Options",
									"value": "DENY"
								},
								{
									"key": "Content-Length",
									"value": "140"
								},
								{
									"key": "X-Content-Type-Options",
									"value": "nosniff"
								}
							],
							"cookie": [],
							"body": "{\n    \"success\": false,\n    \"error\": \"Failed to update task: 13\",\n    \"message\": {\n        \"status\": [\n            \"Invalid status(Status must be in [\\\"TODO\\\", \\\"WIP, \\\"DONE\\\"])\"\n        ]\n    }\n}"
						},
						{
							"name": "Success Response",
							"originalRequest": {
								"method": "PATCH",
								"header": [
									{
										"key": "Authorization",
										"value": "Token 1fb5808921884fffc188285a7c392babbb85fd2d",
										"type": "text"
									}
								],
								"body": {
									"mode": "raw",
									"raw": "{\n\t\"title\": \"Updated Title\",\n\t\"status\": \"TODO\"\n}",
									"options": {
										"raw": {
											"language": "json"
										}
									}
								},
								"url": {
									"raw": "http://127.0.0.1:8000/task/update/13/",
									"protocol": "http",
									"host": [
										"127",
										"0",
										"0",
										"1"
									],
									"port": "8000",
									"path": [
										"task",
										"update",
										"13",
										""
									]
								}
							},
							"status": "OK",
							"code": 200,
							"_postman_previewlanguage": "json",
							"header": [
								{
									"key": "Date",
									"value": "Wed, 29 Apr 2020 15:13:44 GMT"
								},
								{
									"key": "Server",
									"value": "WSGIServer/0.2 CPython/3.7.5"
								},
								{
									"key": "Content-Type",
									"value": "application/json"
								},
								{
									"key": "Vary",
									"value": "Accept"
								},
								{
									"key": "Allow",
									"value": "PATCH, OPTIONS"
								},
								{
									"key": "X-Frame-Options",
									"value": "DENY"
								},
								{
									"key": "Content-Length",
									"value": "199"
								},
								{
									"key": "X-Content-Type-Options",
									"value": "nosniff"
								}
							],
							"cookie": [],
							"body": "{\n    \"success\": true,\n    \"message\": \"Task: 13, successfully updated\",\n    \"data\": {\n        \"id\": 13,\n        \"title\": \"Updated Title\",\n        \"status\": \"TODO\",\n        \"created_at\": \"29-04-2020 12:58\",\n        \"updated_at\": \"29-04-2020 20:43\",\n        \"is_deleted\": false\n    }\n}"
						}
					]
				},
				{
					"name": "DELETE",
					"request": {
						"method": "DELETE",
						"header": [
							{
								"key": "Authorization",
								"value": "Token d05d2b6b0c65e65790c5a616e84cb7c974049323",
								"type": "text"
							}
						],
						"url": {
							"raw": "http://127.0.0.1:8000/task/delete/13/",
							"protocol": "http",
							"host": [
								"127",
								"0",
								"0",
								"1"
							],
							"port": "8000",
							"path": [
								"task",
								"delete",
								"13",
								""
							]
						},
						"description": "API to delete the task added by the user.\n\nNote: Please add the 'user token' as the 'Autherization Header' "
					},
					"response": [
						{
							"name": "Error Response: Invalid Token",
							"originalRequest": {
								"method": "DELETE",
								"header": [
									{
										"key": "Authorization",
										"value": "Token 1fb5808921884fffc188285a7c392babbb85fd2",
										"type": "text"
									}
								],
								"url": {
									"raw": "http://127.0.0.1:8000/task/delete/13/",
									"protocol": "http",
									"host": [
										"127",
										"0",
										"0",
										"1"
									],
									"port": "8000",
									"path": [
										"task",
										"delete",
										"13",
										""
									]
								}
							},
							"status": "Unauthorized",
							"code": 401,
							"_postman_previewlanguage": "json",
							"header": [
								{
									"key": "Date",
									"value": "Wed, 29 Apr 2020 15:15:57 GMT"
								},
								{
									"key": "Server",
									"value": "WSGIServer/0.2 CPython/3.7.5"
								},
								{
									"key": "Content-Type",
									"value": "application/json"
								},
								{
									"key": "WWW-Authenticate",
									"value": "Token"
								},
								{
									"key": "Vary",
									"value": "Accept"
								},
								{
									"key": "Allow",
									"value": "DELETE, OPTIONS"
								},
								{
									"key": "X-Frame-Options",
									"value": "DENY"
								},
								{
									"key": "Content-Length",
									"value": "27"
								},
								{
									"key": "X-Content-Type-Options",
									"value": "nosniff"
								}
							],
							"cookie": [],
							"body": "{\n    \"detail\": \"Invalid token.\"\n}"
						},
						{
							"name": "Error Response: Invalid Task id",
							"originalRequest": {
								"method": "DELETE",
								"header": [
									{
										"key": "Authorization",
										"value": "Token 1fb5808921884fffc188285a7c392babbb85fd2d",
										"type": "text"
									}
								],
								"url": {
									"raw": "http://127.0.0.1:8000/task/delete/3/",
									"protocol": "http",
									"host": [
										"127",
										"0",
										"0",
										"1"
									],
									"port": "8000",
									"path": [
										"task",
										"delete",
										"3",
										""
									]
								}
							},
							"status": "Not Found",
							"code": 404,
							"_postman_previewlanguage": "json",
							"header": [
								{
									"key": "Date",
									"value": "Wed, 29 Apr 2020 15:14:26 GMT"
								},
								{
									"key": "Server",
									"value": "WSGIServer/0.2 CPython/3.7.5"
								},
								{
									"key": "Content-Type",
									"value": "application/json"
								},
								{
									"key": "Vary",
									"value": "Accept"
								},
								{
									"key": "Allow",
									"value": "DELETE, OPTIONS"
								},
								{
									"key": "X-Frame-Options",
									"value": "DENY"
								},
								{
									"key": "Content-Length",
									"value": "52"
								},
								{
									"key": "X-Content-Type-Options",
									"value": "nosniff"
								}
							],
							"cookie": [],
							"body": "{\n    \"success\": false,\n    \"error\": \"No task found with id: 3\"\n}"
						},
						{
							"name": "Success Response",
							"originalRequest": {
								"method": "DELETE",
								"header": [
									{
										"key": "Authorization",
										"value": "Token 1fb5808921884fffc188285a7c392babbb85fd2d",
										"type": "text"
									}
								],
								"url": {
									"raw": "http://127.0.0.1:8000/task/delete/13/",
									"protocol": "http",
									"host": [
										"127",
										"0",
										"0",
										"1"
									],
									"port": "8000",
									"path": [
										"task",
										"delete",
										"13",
										""
									]
								}
							},
							"status": "OK",
							"code": 200,
							"_postman_previewlanguage": "json",
							"header": [
								{
									"key": "Date",
									"value": "Wed, 29 Apr 2020 15:15:06 GMT"
								},
								{
									"key": "Server",
									"value": "WSGIServer/0.2 CPython/3.7.5"
								},
								{
									"key": "Content-Type",
									"value": "application/json"
								},
								{
									"key": "Vary",
									"value": "Accept"
								},
								{
									"key": "Allow",
									"value": "DELETE, OPTIONS"
								},
								{
									"key": "X-Frame-Options",
									"value": "DENY"
								},
								{
									"key": "Content-Length",
									"value": "58"
								},
								{
									"key": "X-Content-Type-Options",
									"value": "nosniff"
								}
							],
							"cookie": [],
							"body": "{\n    \"success\": true,\n    \"message\": \"Task: 13 successfully deleted\"\n}"
						},
						{
							"name": "Error Response: Unauthorized access to delete a task",
							"originalRequest": {
								"method": "DELETE",
								"header": [
									{
										"key": "Authorization",
										"value": "Token d05d2b6b0c65e65790c5a616e84cb7c974049323",
										"type": "text"
									}
								],
								"url": {
									"raw": "http://127.0.0.1:8000/task/delete/13/",
									"protocol": "http",
									"host": [
										"127",
										"0",
										"0",
										"1"
									],
									"port": "8000",
									"path": [
										"task",
										"delete",
										"13",
										""
									]
								}
							},
							"status": "Unauthorized",
							"code": 401,
							"_postman_previewlanguage": "json",
							"header": [
								{
									"key": "Date",
									"value": "Wed, 29 Apr 2020 15:16:35 GMT"
								},
								{
									"key": "Server",
									"value": "WSGIServer/0.2 CPython/3.7.5"
								},
								{
									"key": "Content-Type",
									"value": "application/json"
								},
								{
									"key": "Vary",
									"value": "Accept"
								},
								{
									"key": "Allow",
									"value": "DELETE, OPTIONS"
								},
								{
									"key": "X-Frame-Options",
									"value": "DENY"
								},
								{
									"key": "Content-Length",
									"value": "71"
								},
								{
									"key": "X-Content-Type-Options",
									"value": "nosniff"
								}
							],
							"cookie": [],
							"body": "{\n    \"success\": false,\n    \"error\": \"Task: 13 does not belong to noul1@gmail.com\"\n}"
						}
					]
				}
			],
			"protocolProfileBehavior": {}
		}
	],
	"protocolProfileBehavior": {}
}